{
  "v_max": 176.04667995347742,
  "phiVc": 189.73665961010275,
  "phiVn_existing": 231.40332627676943,
  "dc_concrete": 0.9278474719394902,
  "dc_total": 0.7607785194190216,
  "status": "SAFE - No shear reinforcement needed",
  "action": "Design adequate",
  "b0": 172.0243866176395,
  "vc": 252.98221281347034,
  "vs_existing": 55.55555555555556,
  "conventional_design": null,
  "stud_design": null,
  "capital_design": null,
  "strength_upgrade": null
}